URL,Hotel Name,Region
https://www.airbnb.com/rooms/1334184876072311300?search_mode=regular_search&adults=1&category_tag=Tag%3A8678&check_in=2025-05-28&check_out=2025-06-02&children=0&infants=0&pets=0&photo_id=2076179010&source_impression_id=p3_1740886250_P34jlhjERyN3EpB3&previous_page_section_name=1000,Goliath House Tourist Accommodation,Rome
https://www.airbnb.com/rooms/40634794?search_mode=regular_search&adults=1&category_tag=Tag%3A8678&check_in=2025-10-29&check_out=2025-11-03&children=0&infants=0&pets=0&photo_id=924748327&source_impression_id=p3_1740886250_P3uOQoUyX0VKm0-j&previous_page_section_name=1000,Private room & private bathroom !10mins@ Termini,Rome
https://www.airbnb.com/rooms/1360836541837699167?search_mode=regular_search&adults=1&check_in=2025-04-13&check_out=2025-04-18&children=0&infants=0&pets=0&source_impression_id=p3_1740886250_P3XafnOOs1EOsulT&previous_page_section_name=1000,Casa Barbara,Rome
https://www.airbnb.com/rooms/26216561?search_mode=regular_search&adults=1&category_tag=Tag%3A8678&check_in=2025-03-07&check_out=2025-03-13&children=0&infants=0&pets=0&photo_id=522394732&source_impression_id=p3_1740886250_P3pMKqoEzUG6JnLX&previous_page_section_name=1000,Beautiful room in Pigneto neighbourhood,Rome
https://www.airbnb.com/rooms/23052121?search_mode=regular_search&adults=1&category_tag=Tag%3A8678&check_in=2025-08-04&check_out=2025-08-09&children=0&infants=0&pets=0&photo_id=1577383539&source_impression_id=p3_1740886250_P33fefxbKk86NAD5&previous_page_section_name=1000,Casa Isabo - Isabella Bellante,Rome
https://www.airbnb.com/rooms/1350093061765822659?search_mode=regular_search&adults=1&category_tag=Tag%3A8678&check_in=2025-03-07&check_out=2025-03-12&children=0&infants=0&pets=0&photo_id=2083349382&source_impression_id=p3_1740886250_P3NOufyx4fDBucWd&previous_page_section_name=1000,Station To Station Rome Center ensuite bath 3 pax,Rome
https://www.airbnb.com/rooms/34697331?search_mode=regular_search&adults=1&check_in=2025-03-02&check_out=2025-03-07&children=0&infants=0&pets=0&source_impression_id=p3_1740886250_P37kCoaw7ROsae2c&previous_page_section_name=1000,Annaluce,Rome
https://www.airbnb.com/rooms/19740926?search_mode=regular_search&adults=1&category_tag=Tag%3A8678&check_in=2025-03-23&check_out=2025-03-28&children=0&infants=0&pets=0&photo_id=1976973081&source_impression_id=p3_1740886250_P3cgLtigVZDYq2Cz&previous_page_section_name=1000,"Single room metro A, 15 minutes to downtown",Rome
https://www.airbnb.com/rooms/33774167?search_mode=regular_search&adults=1&category_tag=Tag%3A8678&check_in=2025-08-03&check_out=2025-08-08&children=0&infants=0&pets=0&photo_id=1613037581&source_impression_id=p3_1740886250_P3qhYu0CG6Su6n5X&previous_page_section_name=1000,Tourist Accommodation,Rome
https://www.airbnb.com/rooms/541240?search_mode=regular_search&adults=1&category_tag=Tag%3A8678&check_in=2025-03-27&check_out=2025-04-01&children=0&infants=0&pets=0&photo_id=1476075780&source_impression_id=p3_1740886250_P3jcFMe8pag1dFmR&previous_page_section_name=1000,Quiet room with private bathroom,Rome
https://www.airbnb.com/rooms/1320296780608567608?search_mode=regular_search&adults=1&category_tag=Tag%3A8678&check_in=2025-08-08&check_out=2025-08-13&children=0&infants=0&pets=0&photo_id=2056785177&source_impression_id=p3_1740886250_P3yCnRe1NCpXIhaD&previous_page_section_name=1000,Comfortable room near Metro A,Rome
https://www.airbnb.com/rooms/25364492?search_mode=regular_search&adults=1&check_in=2025-08-09&check_out=2025-08-14&children=0&infants=0&pets=0&source_impression_id=p3_1740886250_P3m0gSpWAUWaS6kZ&previous_page_section_name=1000,Cozy room in Testaccio,Rome
https://www.airbnb.com/rooms/26411436?search_mode=regular_search&adults=1&category_tag=Tag%3A8678&check_in=2025-03-16&check_out=2025-03-21&children=0&infants=0&pets=0&photo_id=543978940&source_impression_id=p3_1740886250_P3Zh-IfTqpX0w58e&previous_page_section_name=1000,"Tiberoom RomaTrastevere, comfortable room",Rome
https://www.airbnb.com/rooms/632530255258851933?search_mode=regular_search&adults=1&category_tag=Tag%3A8678&check_in=2025-06-12&check_out=2025-06-17&children=0&infants=0&pets=0&photo_id=1406070487&source_impression_id=p3_1740886250_P3cNi-mzKIBrp1W6&previous_page_section_name=1000,Casa Morgana Jacuzzi Metro IN Lucio Sestio,Rome
https://www.airbnb.com/rooms/7610713?search_mode=regular_search&adults=1&category_tag=Tag%3A8678&check_in=2025-07-07&check_out=2025-07-12&children=0&infants=0&pets=0&photo_id=98139268&source_impression_id=p3_1740886250_P3iQHOw6wEnRJ0Mu&previous_page_section_name=1000,Monti - independant ecologic room,Rome
https://www.airbnb.com/rooms/2052808?search_mode=regular_search&adults=1&category_tag=Tag%3A8678&check_in=2025-07-01&check_out=2025-07-06&children=0&infants=0&pets=0&photo_id=18058627&source_impression_id=p3_1740886250_P38QZJ6fTDL7YQjk&previous_page_section_name=1000,!.VillaBlanc Bed & Breakfast.!,Rome
https://www.airbnb.com/rooms/3412386?search_mode=regular_search&adults=1&category_tag=Tag%3A8678&check_in=2025-03-16&check_out=2025-03-21&children=0&infants=0&pets=0&photo_id=1072485842&source_impression_id=p3_1740886250_P3PNiXwr22sc2_VP&previous_page_section_name=1000,Rome Centro RioneXX Testaccio,Rome
https://www.airbnb.com/rooms/1164302374360472749?search_mode=regular_search&adults=1&category_tag=Tag%3A8678&check_in=2025-03-16&check_out=2025-03-21&children=0&infants=0&pets=0&photo_id=1982249656&source_impression_id=p3_1740886250_P3DcmJ-qytSfXQCM&previous_page_section_name=1000,DaDom - Room w/ private bathroom and large shower,Rome
https://www.airbnb.com/rooms/1014655065463035824?search_mode=regular_search&adults=1&category_tag=Tag%3A8678&check_in=2025-06-21&check_out=2025-06-26&children=0&infants=0&pets=0&photo_id=1771040439&source_impression_id=p3_1740886255_P3efXEcgetQaMM4N&previous_page_section_name=1000,Room in Rome near metro,Rome
https://www.airbnb.com/rooms/1044676030549639637?search_mode=regular_search&adults=1&category_tag=Tag%3A8678&check_in=2025-03-04&check_out=2025-03-09&children=0&infants=0&pets=0&photo_id=1977497861&source_impression_id=p3_1740886255_P3HpmaJFinYgySQD&previous_page_section_name=1000,Audrey 168号B&B 1,Rome
https://www.airbnb.com/rooms/953543923159301267?search_mode=regular_search&adults=1&check_in=2025-03-02&check_out=2025-03-07&children=0&infants=0&pets=0&source_impression_id=p3_1740886255_P3i1zpfSlr7CD9PO&previous_page_section_name=1000,Numa | Medium Room next to Termini Station,Rome
https://www.airbnb.com/rooms/9916111?search_mode=regular_search&adults=1&category_tag=Tag%3A8678&check_in=2025-03-12&check_out=2025-03-19&children=0&infants=0&pets=0&photo_id=203149623&source_impression_id=p3_1740886255_P36gRLSog3HHdF44&previous_page_section_name=1000,Testaccio Home,Rome
https://www.airbnb.com/rooms/843904321807535645?search_mode=regular_search&adults=1&category_tag=Tag%3A8678&check_in=2025-03-08&check_out=2025-03-14&children=0&infants=0&pets=0&photo_id=1603947058&source_impression_id=p3_1740886255_P37JKT9JXHjj8QYK&previous_page_section_name=1000,Beautiful room in Pigneto neighbourhood,Rome
https://www.airbnb.com/rooms/8619339?search_mode=regular_search&adults=1&category_tag=Tag%3A8678&check_in=2025-06-30&check_out=2025-07-05&children=0&infants=0&pets=0&photo_id=1764559934&source_impression_id=p3_1740886255_P3z7JL2i7_TTxQlc&previous_page_section_name=1000,Roma Centro Testaccio RioneXX,Rome
https://www.airbnb.com/rooms/9642237?search_mode=regular_search&adults=1&category_tag=Tag%3A8678&check_in=2025-03-03&check_out=2025-03-08&children=0&infants=0&pets=0&photo_id=2091545253&source_impression_id=p3_1740886255_P366XQWzSMT1WM6O&previous_page_section_name=1000,Sweet House  San Lorenzo/Termini,Rome
https://www.airbnb.com/rooms/1202955013133488682?search_mode=regular_search&adults=1&check_in=2025-03-04&check_out=2025-03-09&children=0&infants=0&pets=0&source_impression_id=p3_1740886255_P3lcebzy5mr3y7BG&previous_page_section_name=1000,Colosseum Spectacular Axis Loft,Rome
https://www.airbnb.com/rooms/31344861?search_mode=regular_search&adults=1&category_tag=Tag%3A8678&check_in=2025-07-27&check_out=2025-08-01&children=0&infants=0&pets=0&photo_id=661329530&source_impression_id=p3_1740886255_P30V5oRA9PEjveWk&previous_page_section_name=1000,Domus Servilia bed & breakfast cozy room,Rome
https://www.airbnb.com/rooms/5507292?search_mode=regular_search&adults=1&category_tag=Tag%3A8678&check_in=2025-03-09&check_out=2025-03-14&children=0&infants=0&pets=0&photo_id=39971090&source_impression_id=p3_1740886255_P33TniRq6GbvbZw3&previous_page_section_name=1000,Central Room Coliseum,Rome
https://www.airbnb.com/rooms/1014654873677457365?search_mode=regular_search&adults=1&category_tag=Tag%3A8678&check_in=2025-05-19&check_out=2025-05-24&children=0&infants=0&pets=0&photo_id=1791131746&source_impression_id=p3_1740886255_P3tp8wOg2dd14JKV&previous_page_section_name=1000,Room near metro,Rome
https://www.airbnb.com/rooms/729606055389038630?search_mode=regular_search&adults=1&check_in=2025-03-03&check_out=2025-03-08&children=0&infants=0&pets=0&source_impression_id=p3_1740886255_P3zgnumfP2G9Td4c&previous_page_section_name=1000,Independent room INT.2 With Bathroom and Break Corner,Rome
https://www.airbnb.com/rooms/1026068560771449012?search_mode=regular_search&adults=1&category_tag=Tag%3A8678&check_in=2025-05-05&check_out=2025-05-10&children=0&infants=0&pets=0&photo_id=1976958342&source_impression_id=p3_1740886255_P3ecQTIs5mWp7kO3&previous_page_section_name=1000,"Single room 2 metroA, 15 minutes to downtown",Rome
https://www.airbnb.com/rooms/13725809?search_mode=regular_search&adults=1&category_tag=Tag%3A8678&check_in=2025-07-22&check_out=2025-07-27&children=0&infants=0&pets=0&photo_id=401277102&source_impression_id=p3_1740886255_P3hVtCGVwi3E8pn1&previous_page_section_name=1000,lola's house,Rome
https://www.airbnb.com/rooms/1172928317845283675?search_mode=regular_search&adults=1&check_in=2025-03-09&check_out=2025-03-14&children=0&infants=0&pets=0&source_impression_id=p3_1740886255_P3h3UYD6Km1LOr1H&previous_page_section_name=1000,"Rome Easy Home, Casal Bertone",Rome
https://www.airbnb.com/rooms/1118587132320057561?search_mode=regular_search&adults=1&check_in=2025-03-03&check_out=2025-03-08&children=0&infants=0&pets=0&source_impression_id=p3_1740886255_P3JEGsR264rndD5s&previous_page_section_name=1000,Collazia Street,Rome
https://www.airbnb.com/rooms/1336380315449385949?search_mode=regular_search&adults=1&check_in=2025-03-17&check_out=2025-03-22&children=0&infants=0&pets=0&source_impression_id=p3_1740886255_P3XMnm_peSsiwpMF&previous_page_section_name=1000,A new Vitinia apartment.,Rome
https://www.airbnb.com/rooms/5828699?search_mode=regular_search&adults=1&category_tag=Tag%3A8678&check_in=2025-07-14&check_out=2025-07-19&children=0&infants=0&pets=0&photo_id=1835238634&source_impression_id=p3_1740886255_P3OBncn_PGQ6DoHE&previous_page_section_name=1000,"Cozy & lovely room, near Colosseo! #1441",Rome
https://www.airbnb.com/rooms/1249256425275312730?search_mode=regular_search&adults=1&category_tag=Tag%3A8678&check_in=2025-03-24&check_out=2025-03-29&children=0&infants=0&pets=0&photo_id=2001068873&source_impression_id=p3_1740886260_P39k004JGA5eW94P&previous_page_section_name=1000,Casa a Roma at Termin room,Rome
https://www.airbnb.com/rooms/44652313?search_mode=regular_search&adults=1&category_tag=Tag%3A8678&check_in=2025-03-18&check_out=2025-03-23&children=0&infants=0&pets=0&photo_id=1606344032&source_impression_id=p3_1740886260_P3eNx54xOB0cqFrs&previous_page_section_name=1000,The Subway Apartment / Metro B Room,Rome
https://www.airbnb.com/rooms/922908521798852783?search_mode=regular_search&adults=1&check_in=2025-03-05&check_out=2025-03-10&children=0&infants=0&pets=0&source_impression_id=p3_1740886260_P33DCsO7YVKTBSaP&previous_page_section_name=1000,Sunny Rooms at Metro Castro Pretorio,Rome
https://www.airbnb.com/rooms/52007031?search_mode=regular_search&adults=1&category_tag=Tag%3A8678&check_in=2025-03-24&check_out=2025-03-29&children=0&infants=0&pets=0&photo_id=1356889939&source_impression_id=p3_1740886260_P35vP4bNx9rA_9ez&previous_page_section_name=1000,Bright and Cozy Room In Trastevere,Rome
https://www.airbnb.com/rooms/1129076183033461113?search_mode=regular_search&adults=1&category_tag=Tag%3A8678&check_in=2025-03-05&check_out=2025-03-10&children=0&infants=0&pets=0&photo_id=1886854191&source_impression_id=p3_1740886260_P3PUNDPjbRXShTze&previous_page_section_name=1000,"Single room, External bathroom",Rome
https://www.airbnb.com/rooms/1180965061879290540?search_mode=regular_search&adults=1&check_in=2025-03-02&check_out=2025-03-07&children=0&infants=0&pets=0&source_impression_id=p3_1740886260_P3G5jRsrYlAYfhil&previous_page_section_name=1000,Villa Pamphili Apartment,Rome
https://www.airbnb.com/rooms/2870299?search_mode=regular_search&adults=1&category_tag=Tag%3A8678&check_in=2025-03-08&check_out=2025-03-14&children=0&infants=0&pets=0&photo_id=1255475967&source_impression_id=p3_1740886260_P3eSnVnzSWgPxPW4&previous_page_section_name=1000,Beautiful room in Pigneto,Rome
https://www.airbnb.com/rooms/987561158738793036?search_mode=regular_search&adults=1&category_tag=Tag%3A8678&check_in=2025-03-22&check_out=2025-03-27&children=0&infants=0&pets=0&photo_id=1746033838&source_impression_id=p3_1740886260_P3kYmo1QVGyMeY9X&previous_page_section_name=1000,Trastervere at Sergio's room,Rome
https://www.airbnb.com/rooms/901405844313394925?search_mode=regular_search&adults=1&check_in=2025-03-02&check_out=2025-03-07&children=0&infants=0&pets=0&source_impression_id=p3_1740886260_P3EalsqKB6Dos0nJ&previous_page_section_name=1000,Exclusive Designer Apartment (Tiburtina metro),Rome
https://www.airbnb.com/rooms/633903300963263556?search_mode=regular_search&adults=1&category_tag=Tag%3A8678&check_in=2025-03-16&check_out=2025-03-21&children=0&infants=0&pets=0&photo_id=1407467666&source_impression_id=p3_1740886260_P3IXPf3X8y1U87s0&previous_page_section_name=1000,Gulliver Cosmo 905,Rome
https://www.airbnb.com/rooms/926535238409854346?search_mode=regular_search&adults=1&category_tag=Tag%3A8678&check_in=2025-04-30&check_out=2025-05-05&children=0&infants=0&pets=0&photo_id=1688227643&source_impression_id=p3_1740886260_P3ldSckHFsFpI5Ol&previous_page_section_name=1000,"Private ROOM A, in a historical Italian Villa",Rome
https://www.airbnb.com/rooms/14272569?search_mode=regular_search&adults=1&category_tag=Tag%3A8678&check_in=2025-05-27&check_out=2025-06-01&children=0&infants=0&pets=0&photo_id=207429577&source_impression_id=p3_1740886260_P3HNjJa2yqVnDdcr&previous_page_section_name=1000,Comfortable and private room near Metro,Rome
https://www.airbnb.com/rooms/1283914455506854554?search_mode=regular_search&adults=1&category_tag=Tag%3A8678&check_in=2025-07-16&check_out=2025-07-21&children=0&infants=0&pets=0&photo_id=2057175064&source_impression_id=p3_1740886260_P3KewUSJ9WZ_9gWE&previous_page_section_name=1000,Essence,Rome
https://www.airbnb.com/rooms/7041569?search_mode=regular_search&adults=1&check_in=2025-03-04&check_out=2025-03-09&children=0&infants=0&pets=0&source_impression_id=p3_1740886260_P3A0Lb4eLdrZL8cL&previous_page_section_name=1000,Casa Roma 2,Rome
https://www.airbnb.com/rooms/605087145098023017?search_mode=regular_search&adults=1&category_tag=Tag%3A8678&check_in=2025-03-02&check_out=2025-03-07&children=0&infants=0&pets=0&photo_id=1387922170&source_impression_id=p3_1740886260_P32Ot54Xt-sqjo1j&previous_page_section_name=1000,Casa A Roma with Private Bathroom,Rome
https://www.airbnb.com/rooms/11822001?search_mode=regular_search&adults=1&category_tag=Tag%3A8678&check_in=2025-03-23&check_out=2025-03-28&children=0&infants=0&pets=0&photo_id=1912715849&source_impression_id=p3_1740886260_P3gwzEQVPcO9ayBn&previous_page_section_name=1000,Delicious room,Rome
https://www.airbnb.com/rooms/827309810803076085?search_mode=regular_search&adults=1&category_tag=Tag%3A8678&check_in=2025-03-29&check_out=2025-04-03&children=0&infants=0&pets=0&photo_id=2043671235&source_impression_id=p3_1740886260_P3pIcG-E63RL3oBG&previous_page_section_name=1000,Licheni smart & nice private rooms,Rome
https://www.airbnb.com/rooms/2052914?search_mode=regular_search&adults=1&category_tag=Tag%3A8678&check_in=2025-04-22&check_out=2025-04-27&children=0&infants=0&pets=0&photo_id=18059391&source_impression_id=p3_1740886260_P3OVUvIJOh08MkEz&previous_page_section_name=1000,VillaBlanc Bed & Breakfast..! ,Rome
https://www.airbnb.com/rooms/12461886?search_mode=regular_search&adults=1&category_tag=Tag%3A8678&check_in=2025-06-08&check_out=2025-06-13&children=0&infants=0&pets=0&photo_id=1841131900&source_impression_id=p3_1740886265_P3VjbO4Z624GbUVM&previous_page_section_name=1000,Lovely room with private bathroom,Rome
https://www.airbnb.com/rooms/1313546471606437180?search_mode=regular_search&adults=1&category_tag=Tag%3A8678&check_in=2025-04-21&check_out=2025-04-26&children=0&infants=0&pets=0&photo_id=2050519221&source_impression_id=p3_1740886266_P3iXvN6RnNaf-egl&previous_page_section_name=1000,[ MetroLineA ] - PrivateRoom with Balcony °b,Rome
https://www.airbnb.com/rooms/884497843870862507?search_mode=regular_search&adults=1&category_tag=Tag%3A8678&check_in=2025-03-09&check_out=2025-03-14&children=0&infants=0&pets=0&photo_id=1644342165&source_impression_id=p3_1740886266_P3WkYPCKX1rKi_qs&previous_page_section_name=1000,Bright room in downtown 2,Rome
https://www.airbnb.com/rooms/1330576541796326652?search_mode=regular_search&adults=1&check_in=2025-03-04&check_out=2025-03-09&children=0&infants=0&pets=0&source_impression_id=p3_1740886266_P3ujHzZCqUWMttLb&previous_page_section_name=1000,Satrico43 - San Giovanni Stay,Rome
https://www.airbnb.com/rooms/1363932220935659527?search_mode=regular_search&adults=1&check_in=2025-03-03&check_out=2025-03-08&children=0&infants=0&pets=0&source_impression_id=p3_1740886266_P3mvHd7CptaCJUxz&previous_page_section_name=1000,"[Domvs Tibvrtina]+Solarium Zone, Rome",Rome
https://www.airbnb.com/rooms/1075061930712172415?search_mode=regular_search&adults=1&check_in=2025-11-03&check_out=2025-11-08&children=0&infants=0&pets=0&source_impression_id=p3_1740886266_P3cz9KzAWfY0DpfA&previous_page_section_name=1000,Bea's Suite Colosseum - Comfort in the Heart of Rome,Rome
https://www.airbnb.com/rooms/13025995?search_mode=regular_search&adults=1&category_tag=Tag%3A8678&check_in=2025-07-31&check_out=2025-08-05&children=0&infants=0&pets=0&photo_id=155738151&source_impression_id=p3_1740886266_P3igg4iy3JyI5CyJ&previous_page_section_name=1000,Charming room near Colosseo with private bathroom,Rome
https://www.airbnb.com/rooms/667360954653258148?search_mode=regular_search&adults=1&check_in=2025-03-02&check_out=2025-03-07&children=0&infants=0&pets=0&source_impression_id=p3_1740886266_P3mll4IzKRk1Dw1u&previous_page_section_name=1000,Fortuna Apartment Trastevere III,Rome
https://www.airbnb.com/rooms/990767700549586252?search_mode=regular_search&adults=1&category_tag=Tag%3A8678&check_in=2025-03-02&check_out=2025-03-07&children=0&infants=0&pets=0&photo_id=1749036717&source_impression_id=p3_1740886266_P3Kf3mh8FKTaz5X5&previous_page_section_name=1000,Prestigious Private Room - Rome Center,Rome
https://www.airbnb.com/rooms/868302290575886296?search_mode=regular_search&adults=1&category_tag=Tag%3A8678&check_in=2025-05-08&check_out=2025-05-13&children=0&infants=0&pets=0&photo_id=1856072642&source_impression_id=p3_1740886266_P3buqOvcKu5BhlTV&previous_page_section_name=1000,Vista San Pietro + Metro A 3min,Rome
https://www.airbnb.com/rooms/1164210277789420357?search_mode=regular_search&adults=1&category_tag=Tag%3A8678&check_in=2025-03-19&check_out=2025-03-24&children=0&infants=0&pets=0&photo_id=1915166888&source_impression_id=p3_1740886266_P31JuyQ8nzWxjZ7k&previous_page_section_name=1000,DaDom - Room with balcony and private bathroom,Rome
https://www.airbnb.com/rooms/52929178?search_mode=regular_search&adults=1&category_tag=Tag%3A8678&check_in=2025-03-10&check_out=2025-03-15&children=0&infants=0&pets=0&photo_id=1546854713&source_impression_id=p3_1740886266_P3-V1gfe3NEqRlVx&previous_page_section_name=1000,THE B&B CACTUS: A COZY POINT OF SUPPORT IN ONE OF THE MOST BEAUTIFUL NEIGHBORHOODS IN ROME!,Rome
https://www.airbnb.com/rooms/909222602655474986?search_mode=regular_search&adults=1&category_tag=Tag%3A8678&check_in=2025-03-20&check_out=2025-03-25&children=0&infants=0&pets=0&photo_id=1671133126&source_impression_id=p3_1740886266_P3UiWfDD0QFExI_k&previous_page_section_name=1000,Room private bathroom Piramide Guest House,Rome
https://www.airbnb.com/rooms/701901598970565633?search_mode=regular_search&adults=1&category_tag=Tag%3A8678&check_in=2025-03-17&check_out=2025-03-22&children=0&infants=0&pets=0&photo_id=1478209916&source_impression_id=p3_1740886266_P34nxzXDFg2KPk6e&previous_page_section_name=1000,Spacious quiet 'Sundari' room near the Colosseum,Rome
https://www.airbnb.com/rooms/9576861?search_mode=regular_search&adults=1&category_tag=Tag%3A8678&check_in=2025-03-30&check_out=2025-04-04&children=0&infants=0&pets=0&photo_id=104059216&source_impression_id=p3_1740886266_P3uyodNqtjrj7rda&previous_page_section_name=1000,Rose in Rome - Wood Double Room,Rome
https://www.airbnb.com/rooms/53394311?search_mode=regular_search&adults=1&check_in=2025-03-03&check_out=2025-03-08&children=0&infants=0&pets=0&source_impression_id=p3_1740886266_P3Mi0H0REZZILSKw&previous_page_section_name=1000,City Center Two-Roomed Flat - Termini/Aquarium,Rome
https://www.airbnb.com/rooms/1363014121073581267?search_mode=regular_search&adults=1&check_in=2025-03-03&check_out=2025-03-08&children=0&infants=0&pets=0&source_impression_id=p3_1740886266_P3awZwlpdhDaVXTr&previous_page_section_name=1000,Magenta Terrione 2,Rome
https://www.airbnb.com/rooms/44467861?search_mode=regular_search&adults=1&category_tag=Tag%3A8678&check_in=2025-05-24&check_out=2025-05-29&children=0&infants=0&pets=0&photo_id=1045388796&source_impression_id=p3_1740886266_P3XSkq0AXr-e0S3P&previous_page_section_name=1000,A quiet single room,Rome
https://www.airbnb.com/rooms/1056425275677636419?search_mode=regular_search&adults=1&category_tag=Tag%3A8678&check_in=2025-07-08&check_out=2025-07-13&children=0&infants=0&pets=0&photo_id=1809293179&source_impression_id=p3_1740886271_P355Od7xoMJxoVlt&previous_page_section_name=1000,Room 5 minutes from metro,Rome
https://www.airbnb.com/rooms/3677589?search_mode=regular_search&adults=1&check_in=2025-11-06&check_out=2025-11-11&children=0&infants=0&pets=0&source_impression_id=p3_1740886271_P3PlwtQVuRGU6Z7V&previous_page_section_name=1000,B&B A PORTA CASTELLO - Trevi Room,Rome
https://www.airbnb.com/rooms/1350674120344789133?search_mode=regular_search&adults=1&category_tag=Tag%3A8678&check_in=2025-03-10&check_out=2025-03-15&children=0&infants=0&pets=0&photo_id=2085171916&source_impression_id=p3_1740886271_P3iGGEEIYJWif2fB&previous_page_section_name=1000,"SONUS Colosseum | ""Electronic Vibes"" Ensuite Room",Rome
https://www.airbnb.com/rooms/614112830109548994?search_mode=regular_search&adults=1&category_tag=Tag%3A8678&check_in=2025-06-06&check_out=2025-06-11&children=0&infants=0&pets=0&photo_id=1913387255&source_impression_id=p3_1740886271_P3gJ6nXGxkXFh_Np&previous_page_section_name=1000,"Piazza Mazzini , Suite 1 .",Rome
https://www.airbnb.com/rooms/969397514475562025?search_mode=regular_search&adults=1&category_tag=Tag%3A8678&check_in=2025-08-07&check_out=2025-08-12&children=0&infants=0&pets=0&photo_id=1995982463&source_impression_id=p3_1740886271_P31BWEQueV1deLh5&previous_page_section_name=1000,Saiana’s Home,Rome
https://www.airbnb.com/rooms/10275643?search_mode=regular_search&adults=1&category_tag=Tag%3A8678&check_in=2025-04-18&check_out=2025-04-23&children=0&infants=0&pets=0&photo_id=138439651&source_impression_id=p3_1740886271_P3YZtSuorhTzr71s&previous_page_section_name=1000,Rooms near Vatican Museum,Rome
https://www.airbnb.com/rooms/12786585?search_mode=regular_search&adults=1&category_tag=Tag%3A8678&check_in=2025-03-19&check_out=2025-03-24&children=0&infants=0&pets=0&photo_id=149688780&source_impression_id=p3_1740886271_P3VIMPPLNlygfut9&previous_page_section_name=1000,"Private bedroom ""Cinque""",Rome
https://www.airbnb.com/rooms/13068409?search_mode=regular_search&adults=1&check_in=2025-03-03&check_out=2025-03-08&children=0&infants=0&pets=0&source_impression_id=p3_1740886271_P3Gsrgs7UbpXBNP2&previous_page_section_name=1000,"Casa d' artist: ""Margot""",Rome
https://www.airbnb.com/rooms/8589875?search_mode=regular_search&adults=1&check_in=2025-03-08&check_out=2025-03-13&children=0&infants=0&pets=0&source_impression_id=p3_1740886271_P3JeXpmBMa1uZ2Sy&previous_page_section_name=1000,A stone throw from the Colosseum -2,Rome
https://www.airbnb.com/rooms/947075910872670158?search_mode=regular_search&adults=1&check_in=2025-03-08&check_out=2025-03-13&children=0&infants=0&pets=0&source_impression_id=p3_1740886271_P3MgJQibsL6tXYlN&previous_page_section_name=1000,Apartment with a nice view!,Rome
https://www.airbnb.com/rooms/40650693?search_mode=regular_search&adults=1&category_tag=Tag%3A8678&check_in=2025-03-15&check_out=2025-03-20&children=0&infants=0&pets=0&photo_id=1035664201&source_impression_id=p3_1740886271_P3DwRbzW1FljMEV3&previous_page_section_name=1000,Delightful Double Termini with Balcony Roma Centro,Rome
https://www.airbnb.com/rooms/34525419?search_mode=regular_search&adults=1&category_tag=Tag%3A8678&check_in=2025-03-09&check_out=2025-03-14&children=0&infants=0&pets=0&photo_id=1248354698&source_impression_id=p3_1740886271_P3d7TtPjFCMd_32p&previous_page_section_name=1000,Luxurious Quadrupla Suite between Monti and Quirinale,Rome
https://www.airbnb.com/rooms/1160002985985088026?search_mode=regular_search&adults=1&check_in=2025-03-03&check_out=2025-03-08&children=0&infants=0&pets=0&source_impression_id=p3_1740886271_P3zZojYF8tGbMsXr&previous_page_section_name=1000,NoxRomana | Vatican Modern and Stylish,Rome
https://www.airbnb.com/rooms/836902292381512899?search_mode=regular_search&adults=1&check_in=2025-03-02&check_out=2025-03-07&children=0&infants=0&pets=0&source_impression_id=p3_1740886271_P3Vre4VtGZ1DMJCO&previous_page_section_name=1000,Fortuna Luxury Piazza del Popolo,Rome
https://www.airbnb.com/rooms/710249673612656609?search_mode=regular_search&adults=1&category_tag=Tag%3A8678&check_in=2025-03-17&check_out=2025-03-22&children=0&infants=0&pets=0&photo_id=1603091643&source_impression_id=p3_1740886271_P3xy2kBAeNBwERy9&previous_page_section_name=1000,Cozy Roman Home in the Heart of Rome,Rome
https://www.airbnb.com/rooms/31706028?search_mode=regular_search&adults=1&check_in=2025-06-30&check_out=2025-07-05&children=0&infants=0&pets=0&source_impression_id=p3_1740886271_P3GEerCVE0G056b1&previous_page_section_name=1000,Elle's Rooms - Esquiline - Double - 104,Rome
https://www.airbnb.com/rooms/54049813?search_mode=regular_search&adults=1&category_tag=Tag%3A8678&check_in=2025-03-08&check_out=2025-03-13&children=0&infants=0&pets=0&photo_id=1987483562&source_impression_id=p3_1740886271_P3K984kbOlBwPDEZ&previous_page_section_name=1000,THE CACTUS B&B: PRIVATE ROOM IN THE MEADOWS AREA,Rome
https://www.airbnb.com/rooms/1179004432877116209?search_mode=regular_search&adults=1&check_in=2025-03-02&check_out=2025-03-07&children=0&infants=0&pets=0&source_impression_id=p3_1740886271_P3xnHg-eJtkmf3zW&previous_page_section_name=1000,[Strategic Location] 5 min to Metro Termini A & B,Rome
https://www.airbnb.com/rooms/922338910142589210?search_mode=regular_search&adults=1&check_in=2025-03-06&check_out=2025-03-11&children=0&infants=0&pets=0&source_impression_id=p3_1740886276_P3FXPU-Pk0mQkmt6&previous_page_section_name=1000,Super Bright rooms at metro Castro Pretorio,Rome
https://www.airbnb.com/rooms/1268764405233941246?search_mode=regular_search&adults=1&category_tag=Tag%3A8678&check_in=2025-04-13&check_out=2025-04-18&children=0&infants=0&pets=0&photo_id=2012791245&source_impression_id=p3_1740886276_P3bMPU4xCFler8Nd&previous_page_section_name=1000,Casa Magnifico - Room Michelangelo,Rome
https://www.airbnb.com/rooms/1108611085335455343?search_mode=regular_search&adults=1&check_in=2025-03-02&check_out=2025-03-07&children=0&infants=0&pets=0&source_impression_id=p3_1740886276_P34A0_4iMlNN3hkl&previous_page_section_name=1000,Modern one-bedroom apartment in Trieste,Rome
https://www.airbnb.com/rooms/8795587?search_mode=regular_search&adults=1&category_tag=Tag%3A8678&check_in=2025-03-24&check_out=2025-03-29&children=0&infants=0&pets=0&photo_id=104058963&source_impression_id=p3_1740886276_P3iY6QstkeAsqag7&previous_page_section_name=1000,Rose in Rome - Classic Double Room,Rome
https://www.airbnb.com/rooms/5979076?search_mode=regular_search&adults=1&category_tag=Tag%3A8678&check_in=2025-08-06&check_out=2025-08-11&children=0&infants=0&pets=0&photo_id=42828545&source_impression_id=p3_1740886276_P3ztsF47eC4fa7ht&previous_page_section_name=1000,Cozy Room With Private Bathroom,Rome
https://www.airbnb.com/rooms/684623811172329457?search_mode=regular_search&adults=1&check_in=2025-03-02&check_out=2025-03-07&children=0&infants=0&pets=0&source_impression_id=p3_1740886276_P32vZgmdRFfR2otp&previous_page_section_name=1000,Central pied-à-terre near subway and trains,Rome
https://www.airbnb.com/rooms/26840497?search_mode=regular_search&adults=1&category_tag=Tag%3A8678&check_in=2025-03-16&check_out=2025-03-21&children=0&infants=0&pets=0&photo_id=542483670&source_impression_id=p3_1740886276_P33geLCTZUI-YdKr&previous_page_section_name=1000,Rome for Rent -Private Bathroom-Tiburtina Station-,Rome
https://www.airbnb.com/rooms/908559354666183391?search_mode=regular_search&adults=1&category_tag=Tag%3A8678&check_in=2025-06-24&check_out=2025-07-01&children=0&infants=0&pets=0&photo_id=1669601177&source_impression_id=p3_1740886276_P39krzdrYbFc-le6&previous_page_section_name=1000,At Casa a Testaccio,Rome
https://www.airbnb.com/rooms/2640966?search_mode=regular_search&adults=1&category_tag=Tag%3A8678&check_in=2025-03-09&check_out=2025-03-14&children=0&infants=0&pets=0&photo_id=22105243&source_impression_id=p3_1740886276_P3ck3qcFGcwI9nL7&previous_page_section_name=1000,Independent room in Rome Esquilino,Rome
https://www.airbnb.com/rooms/5256976?search_mode=regular_search&adults=1&category_tag=Tag%3A8678&check_in=2025-03-25&check_out=2025-03-30&children=0&infants=0&pets=0&photo_id=38531846&source_impression_id=p3_1740886276_P3toVCeATytKzug7&previous_page_section_name=1000,Vatican-subway Ottaviano/Central/Double (balcony),Rome
https://www.airbnb.com/rooms/17792345?search_mode=regular_search&adults=1&category_tag=Tag%3A8678&check_in=2025-04-14&check_out=2025-04-19&children=0&infants=0&pets=0&photo_id=1370364037&source_impression_id=p3_1740886276_P3_VIRfOjgkhWAu0&previous_page_section_name=1000,"Single Suite, BnB Enrico Fermi Room 4",Rome
https://www.airbnb.com/rooms/1299249084777776611?search_mode=regular_search&adults=1&check_in=2025-03-02&check_out=2025-03-07&children=0&infants=0&pets=0&source_impression_id=p3_1740886276_P30h12EggGygOfiE&previous_page_section_name=1000,200 steps from the Vatican • Graceful 2 rooms refuge,Rome
https://www.airbnb.com/rooms/1125277444663332753?search_mode=regular_search&adults=1&check_in=2025-03-02&check_out=2025-03-07&children=0&infants=0&pets=0&source_impression_id=p3_1740886276_P3QLCVK-dylJOub_&previous_page_section_name=1000,BainsizzaHome the house in meadows,Rome
https://www.airbnb.com/rooms/716435849430123926?search_mode=regular_search&adults=1&check_in=2025-03-03&check_out=2025-03-08&children=0&infants=0&pets=0&source_impression_id=p3_1740886276_P3lRBuy4F4Hcp7uI&previous_page_section_name=1000,Fashionable apartment near Piazza Navona,Rome
https://www.airbnb.com/rooms/1228801816866165979?search_mode=regular_search&adults=1&category_tag=Tag%3A8678&check_in=2025-05-25&check_out=2025-05-30&children=0&infants=0&pets=0&photo_id=1999455915&source_impression_id=p3_1740886276_P3F-XzoRUioh7T4V&previous_page_section_name=1000,Cozy room with private bathroom,Rome
https://www.airbnb.com/rooms/1198416621011493894?search_mode=regular_search&adults=1&check_in=2025-03-02&check_out=2025-03-07&children=0&infants=0&pets=0&source_impression_id=p3_1740886276_P3tnTfEmR3Sk6x5H&previous_page_section_name=1000,[Historic Center] WiFi & Hydromassage,Rome
https://www.airbnb.com/rooms/10275624?search_mode=regular_search&adults=1&category_tag=Tag%3A8678&check_in=2025-05-30&check_out=2025-06-04&children=0&infants=0&pets=0&photo_id=138560496&source_impression_id=p3_1740886276_P38j1etlBjzWpFAv&previous_page_section_name=1000,Room near Vatican City,Rome
https://www.airbnb.com/rooms/37196434?search_mode=regular_search&adults=1&category_tag=Tag%3A8678&check_in=2025-03-23&check_out=2025-03-28&children=0&infants=0&pets=0&photo_id=2052681661&source_impression_id=p3_1740886276_P3cxA4tyvAfO9PUK&previous_page_section_name=1000,"Tiberoom Roma Trastevere, spacious room",Rome
https://www.airbnb.com/rooms/1131748697212981610?search_mode=regular_search&adults=1&check_in=2025-03-10&check_out=2025-03-15&children=0&infants=0&pets=0&source_impression_id=p3_1740886281_P3ioJHWZmF0ac5SV&previous_page_section_name=1000,Giulia Penthouse + Chef Privato + 5 min P. Navona,Rome
https://www.airbnb.com/rooms/1097784506403425523?search_mode=regular_search&adults=1&category_tag=Tag%3A8678&check_in=2025-03-09&check_out=2025-03-14&children=0&infants=0&pets=0&photo_id=1847215258&source_impression_id=p3_1740886281_P3h_Hs_8NDuvNSvR&previous_page_section_name=1000,vatican b&b shared bathroom vintage,Rome
https://www.airbnb.com/rooms/35636293?search_mode=regular_search&adults=1&check_in=2025-03-30&check_out=2025-04-04&children=0&infants=0&pets=0&source_impression_id=p3_1740886281_P3z8xdaABY79SpNa&previous_page_section_name=1000,38 Viminale Hill - Double Room 2,Rome
https://www.airbnb.com/rooms/32435020?search_mode=regular_search&adults=1&category_tag=Tag%3A8678&check_in=2025-03-07&check_out=2025-03-12&children=0&infants=0&pets=0&photo_id=682501686&source_impression_id=p3_1740886281_P3oxCvvnpfpT-HKR&previous_page_section_name=1000,The Imperfect Home,Rome
https://www.airbnb.com/rooms/1342958802498828009?search_mode=regular_search&adults=1&check_in=2025-03-03&check_out=2025-03-08&children=0&infants=0&pets=0&source_impression_id=p3_1740886281_P3GbgarOBkw0w__p&previous_page_section_name=1000,Rome Venice Apartments: Coliseum,Rome
https://www.airbnb.com/rooms/899236920313236397?search_mode=regular_search&adults=1&category_tag=Tag%3A8678&check_in=2025-03-09&check_out=2025-03-14&children=0&infants=0&pets=0&photo_id=1660897319&source_impression_id=p3_1740886281_P3OBH5Q3Zayn08-Z&previous_page_section_name=1000,Room private bathroom - Piramide Guest House,Rome
https://www.airbnb.com/rooms/970368661508986205?search_mode=regular_search&adults=1&check_in=2025-07-13&check_out=2025-07-18&children=0&infants=0&pets=0&source_impression_id=p3_1740886281_P35ZjaZgFQfo0VvC&previous_page_section_name=1000,Saiana’s Home,Rome
https://www.airbnb.com/rooms/1825004?search_mode=regular_search&adults=1&category_tag=Tag%3A8678&check_in=2025-05-28&check_out=2025-06-04&children=0&infants=0&pets=0&photo_id=16472933&source_impression_id=p3_1740886281_P3RUsmhfNRrwiTJI&previous_page_section_name=1000,Testaccio Home,Rome
https://www.airbnb.com/rooms/730327567733908244?search_mode=regular_search&adults=1&category_tag=Tag%3A8678&check_in=2025-03-23&check_out=2025-03-28&children=0&infants=0&pets=0&photo_id=1580645175&source_impression_id=p3_1740886281_P3Pibb9fx1x9pylO&previous_page_section_name=1000,Room in new renovated ap. with balcony in center,Rome
https://www.airbnb.com/rooms/1107755662575078719?search_mode=regular_search&adults=1&check_in=2025-03-02&check_out=2025-03-07&children=0&infants=0&pets=0&source_impression_id=p3_1740886281_P3CtN1fdpvUQf245&previous_page_section_name=1000,Deluxe Loft Suite - Via Veneto,Rome
https://www.airbnb.com/rooms/994919987600347625?search_mode=regular_search&adults=1&check_in=2025-03-03&check_out=2025-03-08&children=0&infants=0&pets=0&source_impression_id=p3_1740886281_P3EmquKgDPSDAC7E&previous_page_section_name=1000,Luxury Private Room - Rome Center,Rome
https://www.airbnb.com/rooms/17358676?search_mode=regular_search&adults=1&check_in=2025-03-04&check_out=2025-03-09&children=0&infants=0&pets=0&source_impression_id=p3_1740886281_P3CHh1h4BcbfXATc&previous_page_section_name=1000,LPM Apartment 4 - Trevi Fountain / Barberini,Rome
https://www.airbnb.com/rooms/16621757?search_mode=regular_search&adults=1&category_tag=Tag%3A8678&check_in=2025-03-03&check_out=2025-03-08&children=0&infants=0&pets=0&photo_id=1144312764&source_impression_id=p3_1740886281_P310WAOSt-w4EbSC&previous_page_section_name=1000,NEW ROOM NEAR COLOSSEUM/AMMETISTA TERMS,Rome
https://www.airbnb.com/rooms/773146657359942907?search_mode=regular_search&adults=1&category_tag=Tag%3A8678&check_in=2025-03-02&check_out=2025-03-07&children=0&infants=0&pets=0&photo_id=1573785030&source_impression_id=p3_1740886281_P3Ogn6nVj0LMWVrJ&previous_page_section_name=1000,"Roman Experience, Minerva Rose Window",Rome
https://www.airbnb.com/rooms/13568468?search_mode=regular_search&adults=1&category_tag=Tag%3A8678&check_in=2025-03-06&check_out=2025-03-11&children=0&infants=0&pets=0&photo_id=1550526334&source_impression_id=p3_1740886281_P3dexFgNGE3MEh5w&previous_page_section_name=1000,"Cozy and wide room, private bathroom inside, Roma",Rome
https://www.airbnb.com/rooms/1247064978490403818?search_mode=regular_search&adults=1&check_in=2025-03-08&check_out=2025-03-13&children=0&infants=0&pets=0&source_impression_id=p3_1740886281_P3OX8ahSJwBCtQuD&previous_page_section_name=1000,Feel like home in Rome: everything at hand.,Rome
https://www.airbnb.com/rooms/39244957?search_mode=regular_search&adults=1&check_in=2025-08-21&check_out=2025-08-26&children=0&infants=0&pets=0&source_impression_id=p3_1740886281_P3Ru0zqlU6AUnWJQ&previous_page_section_name=1000,B&B di Paolo S. - Yellow-sun room 1 -private bath.,Rome
https://www.airbnb.com/rooms/24819423?search_mode=regular_search&adults=1&check_in=2025-03-02&check_out=2025-03-07&children=0&infants=0&pets=0&source_impression_id=p3_1740886281_P3n1eHJPoLdeFwGH&previous_page_section_name=1000,Delightful penthouse in San Giovanni,Rome
https://www.airbnb.com/rooms/1128243940152605056?search_mode=regular_search&adults=1&category_tag=Tag%3A8678&check_in=2025-03-21&check_out=2025-03-26&children=0&infants=0&pets=0&photo_id=2084682214&source_impression_id=p3_1740886286_P3agjS6wvO2UDeaS&previous_page_section_name=1000,St Peter Acquarium  Bed & Breakfast 2,Rome
https://www.airbnb.com/rooms/51629005?search_mode=regular_search&adults=1&category_tag=Tag%3A8678&check_in=2025-03-17&check_out=2025-03-22&children=0&infants=0&pets=0&photo_id=1236479664&source_impression_id=p3_1740886286_P3f4c9iqYqtcXAbb&previous_page_section_name=1000,Good stay in Rome - comfortable room with bathroom,Rome
https://www.airbnb.com/rooms/30858291?search_mode=regular_search&adults=1&category_tag=Tag%3A8678&check_in=2025-09-15&check_out=2025-09-20&children=0&infants=0&pets=0&photo_id=653522817&source_impression_id=p3_1740886286_P3iO9O-q8Bh-MH72&previous_page_section_name=1000,"Family end confort room,tv,wifi,bathroom",Rome
https://www.airbnb.com/rooms/4480304?search_mode=regular_search&adults=1&category_tag=Tag%3A8678&check_in=2025-08-06&check_out=2025-08-11&children=0&infants=0&pets=0&photo_id=1605599363&source_impression_id=p3_1740886286_P3d6sop2gOkvvV85&previous_page_section_name=1000,Cozy en-suite double room in S. Peter's / Borgo,Rome
https://www.airbnb.com/rooms/39270377?search_mode=regular_search&adults=1&check_in=2025-08-03&check_out=2025-08-08&children=0&infants=0&pets=0&source_impression_id=p3_1740886286_P3OPy5PtU57Amr9_&previous_page_section_name=1000,B&B di Paolo S. - Green room 4 - private bathroom.,Rome
https://www.airbnb.com/rooms/22416251?search_mode=regular_search&adults=1&category_tag=Tag%3A8678&check_in=2025-06-29&check_out=2025-07-04&children=0&infants=0&pets=0&photo_id=448398690&source_impression_id=p3_1740886286_P3TiPpyd4AswodkQ&previous_page_section_name=1000,Lovely double room,Rome
https://www.airbnb.com/rooms/953489426714221590?search_mode=regular_search&adults=1&check_in=2025-03-03&check_out=2025-03-08&children=0&infants=0&pets=0&source_impression_id=p3_1740886286_P3svbCra6yw0ayTo&previous_page_section_name=1000,Casa Frugalis - Apartment not too far from Vatican,Rome
https://www.airbnb.com/rooms/1086243773623661532?search_mode=regular_search&adults=1&check_in=2025-03-03&check_out=2025-03-08&children=0&infants=0&pets=0&source_impression_id=p3_1740886286_P3cfB6GL4z-NWAZ6&previous_page_section_name=1000,New! Salandra RoomSuiteRome x 2/3,Rome
https://www.airbnb.com/rooms/913097128163101177?search_mode=regular_search&adults=1&category_tag=Tag%3A8678&check_in=2025-03-23&check_out=2025-03-28&children=0&infants=0&pets=0&photo_id=1674435722&source_impression_id=p3_1740886286_P3RH4u0RYeKzcLhF&previous_page_section_name=1000,Praetorium Suite “Diana” with charming bathroom,Rome
https://www.airbnb.com/rooms/43654776?search_mode=regular_search&adults=1&category_tag=Tag%3A8678&check_in=2025-07-19&check_out=2025-07-24&children=0&infants=0&pets=0&photo_id=1596970894&source_impression_id=p3_1740886286_P3a-PD9dIjcPcAlB&previous_page_section_name=1000,Fantastic Location Savelli -2 beds upon request,Rome
https://www.airbnb.com/rooms/1265724603099893974?search_mode=regular_search&adults=1&check_in=2025-03-07&check_out=2025-03-12&children=0&infants=0&pets=0&source_impression_id=p3_1740886286_P398ddmCeC4Iexa5&previous_page_section_name=1000,Dona's House - St. Peter,Rome
https://www.airbnb.com/rooms/1328402868495993706?search_mode=regular_search&adults=1&check_in=2025-03-04&check_out=2025-03-09&children=0&infants=0&pets=0&source_impression_id=p3_1740886286_P31AU8oeZ8MCIU4M&previous_page_section_name=1000,The train retreat.,Rome
https://www.airbnb.com/rooms/31073243?search_mode=regular_search&adults=1&check_in=2025-03-09&check_out=2025-03-14&children=0&infants=0&pets=0&source_impression_id=p3_1740886286_P3sub-IEviUwok_R&previous_page_section_name=1000,MiniStudio24@Roma -Termini-Colosseum-Monti-Metro!,Rome
https://www.airbnb.com/rooms/20953496?search_mode=regular_search&adults=1&category_tag=Tag%3A8678&check_in=2025-03-17&check_out=2025-03-22&children=0&infants=0&pets=0&photo_id=2095425772&source_impression_id=p3_1740886286_P3DIFGyoqH1rws6f&previous_page_section_name=1000,Special offer - private bathroom - next to Vatican,Rome
https://www.airbnb.com/rooms/47419820?search_mode=regular_search&adults=1&check_in=2025-03-02&check_out=2025-03-07&children=0&infants=0&pets=0&source_impression_id=p3_1740886286_P3ikHzvm62jFruZs&previous_page_section_name=1000,The Vatican One,Rome
https://www.airbnb.com/rooms/594108854920319137?search_mode=regular_search&adults=1&category_tag=Tag%3A8678&check_in=2025-03-10&check_out=2025-03-15&children=0&infants=0&pets=0&photo_id=1370627212&source_impression_id=p3_1740886286_P3aveCtqmTId9PsH&previous_page_section_name=1000,"★Wide double★, private bath, AC,TV",Rome
https://www.airbnb.com/rooms/1106509618377194221?search_mode=regular_search&adults=1&category_tag=Tag%3A8678&check_in=2025-03-21&check_out=2025-03-26&children=0&infants=0&pets=0&photo_id=1855456354&source_impression_id=p3_1740886286_P3AZnIIEbmZe1hJP&previous_page_section_name=1000,Room 4 Eternal Residency,Rome
https://www.airbnb.com/rooms/1189750101227564955?search_mode=regular_search&adults=1&check_in=2025-03-02&check_out=2025-03-07&children=0&infants=0&pets=0&source_impression_id=p3_1740886286_P3LHZQxJTvYoo9MG&previous_page_section_name=1000,Luxury modern apartment with terrace,Rome
https://www.airbnb.com/rooms/1271008901529286894?search_mode=regular_search&adults=1&category_tag=Tag%3A8678&check_in=2025-06-08&check_out=2025-06-13&children=0&infants=0&pets=0&photo_id=2014640989&source_impression_id=p3_1740886291_P3OSZ3d07L6eQZZs&previous_page_section_name=1000,Large double room & big terrace,Rome
https://www.airbnb.com/rooms/12503519?search_mode=regular_search&adults=1&check_in=2025-03-22&check_out=2025-03-27&children=0&infants=0&pets=0&source_impression_id=p3_1740886291_P3_j7kU2bRu_Ibcs&previous_page_section_name=1000,Relaxing Independent Room In Rome,Rome
https://www.airbnb.com/rooms/1067406745225612503?search_mode=regular_search&adults=1&category_tag=Tag%3A8678&check_in=2025-03-09&check_out=2025-03-14&children=0&infants=0&pets=0&photo_id=1819214979&source_impression_id=p3_1740886291_P3PlWwCvz304kLPd&previous_page_section_name=1000,Double room with bathroom San Giovanni area,Rome
https://www.airbnb.com/rooms/583006608378770380?search_mode=regular_search&adults=1&category_tag=Tag%3A8678&check_in=2025-03-10&check_out=2025-03-15&children=0&infants=0&pets=0&photo_id=1370053250&source_impression_id=p3_1740886291_P3HEGRI9KsPT76Cl&previous_page_section_name=1000,"★Wide double★, private bath, balcony, AC,TV",Rome
https://www.airbnb.com/rooms/1685835?search_mode=regular_search&adults=1&category_tag=Tag%3A8678&check_in=2025-07-03&check_out=2025-07-08&children=0&infants=0&pets=0&photo_id=1572372793&source_impression_id=p3_1740886291_P3n7HFJEshezuFaV&previous_page_section_name=1000,Your room on Viale Trastevere,Rome
https://www.airbnb.com/rooms/1164315388971251642?search_mode=regular_search&adults=1&category_tag=Tag%3A8678&check_in=2025-03-17&check_out=2025-03-22&children=0&infants=0&pets=0&photo_id=1961673468&source_impression_id=p3_1740886291_P3fzzBI80rWEKCEg&previous_page_section_name=1000,DaDom - Triple room close to Termini and Colosseum,Rome
https://www.airbnb.com/rooms/18700720?search_mode=regular_search&adults=1&category_tag=Tag%3A8678&check_in=2025-03-16&check_out=2025-03-21&children=0&infants=0&pets=0&photo_id=2049161732&source_impression_id=p3_1740886291_P3uof2IBkEnNBMZ1&previous_page_section_name=1000,Nice room shared WC near San Giovanni and Coliseum,Rome
https://www.airbnb.com/rooms/1248613314615279077?search_mode=regular_search&adults=1&check_in=2025-03-23&check_out=2025-03-28&children=0&infants=0&pets=0&source_impression_id=p3_1740886291_P3f9Ow4Ffow6vWK-&previous_page_section_name=1000,CasaCalla Mini Loft&Terrace,Rome
https://www.airbnb.com/rooms/1263568983345334840?search_mode=regular_search&adults=1&category_tag=Tag%3A8678&check_in=2025-06-09&check_out=2025-06-14&children=0&infants=0&pets=0&photo_id=2082336734&source_impression_id=p3_1740886291_P3X-as1cwtbxWk0X&previous_page_section_name=1000,Private suite - Breakfast included,Rome
https://www.airbnb.com/rooms/1157831569780318195?search_mode=regular_search&adults=1&check_in=2025-03-02&check_out=2025-03-07&children=0&infants=0&pets=0&source_impression_id=p3_1740886291_P3Dptbews0Ze0vqL&previous_page_section_name=1000,Stylish home in the heart of Rome! No car needed!,Rome
https://www.airbnb.com/rooms/22852304?search_mode=regular_search&adults=1&check_in=2025-03-09&check_out=2025-03-14&children=0&infants=0&pets=0&source_impression_id=p3_1740886291_P37CoFtd5gO-Dsc_&previous_page_section_name=1000,TUO LUXURY APARTMENT,Rome
https://www.airbnb.com/rooms/46730658?search_mode=regular_search&adults=1&category_tag=Tag%3A8678&check_in=2025-06-17&check_out=2025-06-22&children=0&infants=0&pets=0&photo_id=1102012429&source_impression_id=p3_1740886291_P3tchnTldLJLfEGM&previous_page_section_name=1000,"Veio garden Bed & Breakfast, Bright room",Rome
https://www.airbnb.com/rooms/32565818?search_mode=regular_search&adults=1&check_in=2025-03-02&check_out=2025-03-07&children=0&infants=0&pets=0&source_impression_id=p3_1740886291_P3PbaoNj5k8eb5BR&previous_page_section_name=1000,Your Cozy and Intimate Studio St. Peter’s/Vatican,Rome
https://www.airbnb.com/rooms/16105839?search_mode=regular_search&adults=1&check_in=2025-04-14&check_out=2025-04-19&children=0&infants=0&pets=0&source_impression_id=p3_1740886291_P3WEIn5WA0q1-b7Z&previous_page_section_name=1000,TITINA B&B Camera Single,Rome
https://www.airbnb.com/rooms/1103638560517437791?search_mode=regular_search&adults=1&category_tag=Tag%3A8678&check_in=2025-03-31&check_out=2025-04-05&children=0&infants=0&pets=0&photo_id=1913665088&source_impression_id=p3_1740886291_P3TwzszJIsJGrmdT&previous_page_section_name=1000,Single Room [5 'Colosseum] Metro B - Train FL1,Rome
https://www.airbnb.com/rooms/1113026062297584053?search_mode=regular_search&adults=1&check_in=2025-03-02&check_out=2025-03-07&children=0&infants=0&pets=0&source_impression_id=p3_1740886291_P3ST0FyZkfTSvlgq&previous_page_section_name=1000,Great three rooms in Monti,Rome
https://www.airbnb.com/rooms/43576357?search_mode=regular_search&adults=1&category_tag=Tag%3A8678&check_in=2025-03-16&check_out=2025-03-21&children=0&infants=0&pets=0&photo_id=1514675413&source_impression_id=p3_1740886291_P3LiB4gnvduChpWY&previous_page_section_name=1000,"Guesthouse/Affittacamere1 - 
'na Casetta a Roma",Rome
https://www.airbnb.com/rooms/20436183?search_mode=regular_search&adults=1&category_tag=Tag%3A8678&check_in=2025-07-13&check_out=2025-07-18&children=0&infants=0&pets=0&photo_id=358725011&source_impression_id=p3_1740886291_P3lrkuwHcgqwHl9v&previous_page_section_name=1000,Single room with private bathroom near Termini,Rome
https://www.airbnb.com/rooms/1179823571782273121?search_mode=regular_search&adults=1&check_in=2025-03-02&check_out=2025-03-07&children=0&infants=0&pets=0&source_impression_id=p3_1740886296_P3O-Qjs08oUm4PeQ&previous_page_section_name=1000,Fortuna Luxury Trastevere V,Rome
https://www.airbnb.com/rooms/1106509507385895976?search_mode=regular_search&adults=1&category_tag=Tag%3A8678&check_in=2025-03-16&check_out=2025-03-21&children=0&infants=0&pets=0&photo_id=1855454939&source_impression_id=p3_1740886296_P3Qxkl6xpDWLwuFX&previous_page_section_name=1000,Room 3 Eternal Residency,Rome
https://www.airbnb.com/rooms/1355123839143212708?search_mode=regular_search&adults=1&check_in=2025-06-23&check_out=2025-06-28&children=0&infants=0&pets=0&source_impression_id=p3_1740886296_P3HlJXNWbdbB1bHC&previous_page_section_name=1000,"Loft by the Wall, Roma",Rome
https://www.airbnb.com/rooms/40793653?search_mode=regular_search&adults=1&category_tag=Tag%3A8678&check_in=2025-03-18&check_out=2025-03-23&children=0&infants=0&pets=0&photo_id=1035669655&source_impression_id=p3_1740886296_P3I49eoCU78vMd66&previous_page_section_name=1000,Beautiful Double Termini Private bathroom Roma Centro,Rome
https://www.airbnb.com/rooms/1105770272304422312?search_mode=regular_search&adults=1&category_tag=Tag%3A8678&check_in=2025-04-30&check_out=2025-05-05&children=0&infants=0&pets=0&photo_id=1854593076&source_impression_id=p3_1740886296_P3B2n2gvNegflA1s&previous_page_section_name=1000,[Single-room] S.Pietro dome view (metro A),Rome
https://www.airbnb.com/rooms/705665001279488540?search_mode=regular_search&adults=1&check_in=2025-03-16&check_out=2025-03-21&children=0&infants=0&pets=0&source_impression_id=p3_1740886296_P3yZuLEW4KDAEEA3&previous_page_section_name=1000,Luxury Room in centro a Roma,Rome
https://www.airbnb.com/rooms/32563161?search_mode=regular_search&adults=1&check_in=2025-03-02&check_out=2025-03-07&children=0&infants=0&pets=0&source_impression_id=p3_1740886296_P316n_anw5DxDBTM&previous_page_section_name=1000,Your Bright Urban Studio San Peter/Vatican,Rome
https://www.airbnb.com/rooms/1165835793772580119?search_mode=regular_search&adults=1&category_tag=Tag%3A8678&check_in=2025-03-02&check_out=2025-03-07&children=0&infants=0&pets=0&photo_id=1924211078&source_impression_id=p3_1740886296_P3RE8eejTURXVLaB&previous_page_section_name=1000,Anastasio Terrace double economy,Rome
https://www.airbnb.com/rooms/1074125739682605025?search_mode=regular_search&adults=1&check_in=2025-03-03&check_out=2025-03-08&children=0&infants=0&pets=0&source_impression_id=p3_1740886296_P3JQ_3WZzFfjd8CG&previous_page_section_name=1000,Room Lazy Night with private bathroom,Rome
https://www.airbnb.com/rooms/678982103201187603?search_mode=regular_search&adults=1&check_in=2025-03-13&check_out=2025-03-18&children=0&infants=0&pets=0&source_impression_id=p3_1740886296_P3ADAbZIV_ruabF4&previous_page_section_name=1000,Classic Room in centro a Roma,Rome
https://www.airbnb.com/rooms/1125064508653727299?search_mode=regular_search&adults=1&check_in=2025-03-03&check_out=2025-03-08&children=0&infants=0&pets=0&source_impression_id=p3_1740886296_P3o_DED8zFAQBADV&previous_page_section_name=1000,Liberty Home - San Giovanni,Rome
https://www.airbnb.com/rooms/797047907495296760?search_mode=regular_search&adults=1&category_tag=Tag%3A8678&check_in=2025-06-29&check_out=2025-07-04&children=0&infants=0&pets=0&photo_id=1558501546&source_impression_id=p3_1740886296_P3Dz8l7wbU-oKvdz&previous_page_section_name=1000,"Piazza Mazzini ,  Suite 3 .",Rome
https://www.airbnb.com/rooms/968442283627890596?search_mode=regular_search&adults=1&category_tag=Tag%3A8678&check_in=2025-03-29&check_out=2025-04-03&children=0&infants=0&pets=0&photo_id=2010994456&source_impression_id=p3_1740886296_P3NYRaVEvIyCvfhU&previous_page_section_name=1000,Ex Libris B&B - Nell'antica Roma,Rome
https://www.airbnb.com/rooms/17518938?search_mode=regular_search&adults=1&check_in=2025-09-28&check_out=2025-10-03&children=0&infants=0&pets=0&source_impression_id=p3_1740886296_P3k4ikEpT6msraXm&previous_page_section_name=1000,Casa Vacanze Elisola,Rome
https://www.airbnb.com/rooms/49567151?search_mode=regular_search&adults=1&check_in=2025-03-04&check_out=2025-03-09&children=0&infants=0&pets=0&source_impression_id=p3_1740886296_P3MAeXvGKRm9fKw_&previous_page_section_name=1000,DREAM CASTLE ROME,Rome
https://www.airbnb.com/rooms/51738967?search_mode=regular_search&adults=1&check_in=2025-03-02&check_out=2025-03-07&children=0&infants=0&pets=0&source_impression_id=p3_1740886296_P3r7JTs_VCsSayel&previous_page_section_name=1000,Cozy Room in Creative Apartment,Rome
https://www.airbnb.com/rooms/1364691360791785376?search_mode=regular_search&adults=1&category_tag=Tag%3A8678&check_in=2025-03-22&check_out=2025-03-27&children=0&infants=0&pets=0&photo_id=2096594198&source_impression_id=p3_1740886296_P3cpHe-lY_opvbs9&previous_page_section_name=1000,Zen room with private bathroom,Rome
https://www.airbnb.com/rooms/52446338?search_mode=regular_search&adults=1&check_in=2025-03-07&check_out=2025-03-12&children=0&infants=0&pets=0&source_impression_id=p3_1740886296_P3wIflKn3ZOvmAqT&previous_page_section_name=1000,a stone's throw from the Colosseum_Camera Piazza Spagna x 2p,Rome
https://www.airbnb.com/rooms/1001373242196670331?search_mode=regular_search&adults=1&category_tag=Tag%3A8678&check_in=2025-03-09&check_out=2025-03-14&children=0&infants=0&pets=0&photo_id=2048041463&source_impression_id=p3_1740886301_P3YGlWzdrLl6OLKa&previous_page_section_name=1000,Dual Room Zone Termini,Rome
https://www.airbnb.com/rooms/12621610?search_mode=regular_search&adults=1&check_in=2025-03-03&check_out=2025-03-08&children=0&infants=0&pets=0&source_impression_id=p3_1740886301_P3L4rHTAPfactcIn&previous_page_section_name=1000,Grand Tour Appia - supercool 2room apt,Rome
https://www.airbnb.com/rooms/1097790761558062449?search_mode=regular_search&adults=1&category_tag=Tag%3A8678&check_in=2025-05-18&check_out=2025-05-23&children=0&infants=0&pets=0&photo_id=1847223323&source_impression_id=p3_1740886301_P3hqCMizESE0m7QG&previous_page_section_name=1000,vatican b&b shared bathroom single room,Rome
https://www.airbnb.com/rooms/1106509289930308491?search_mode=regular_search&adults=1&category_tag=Tag%3A8678&check_in=2025-03-14&check_out=2025-03-19&children=0&infants=0&pets=0&photo_id=1855451650&source_impression_id=p3_1740886301_P37Nb6WjGey3YII6&previous_page_section_name=1000,Room 1 Eternal Residency,Rome
https://www.airbnb.com/rooms/31691461?search_mode=regular_search&adults=1&category_tag=Tag%3A8678&check_in=2025-07-27&check_out=2025-08-01&children=0&infants=0&pets=0&photo_id=661409440&source_impression_id=p3_1740886301_P3J7aqRRD_loIZKB&previous_page_section_name=1000,Domus Servilia Bed & Breakfast pretty room,Rome
https://www.airbnb.com/rooms/23083866?search_mode=regular_search&adults=1&category_tag=Tag%3A8678&check_in=2025-03-23&check_out=2025-03-28&children=0&infants=0&pets=0&photo_id=542482777&source_impression_id=p3_1740886301_P3Yf32oSURLAOnzu&previous_page_section_name=1000,Room with private bathroom - Station Tiburtina,Rome
https://www.airbnb.com/rooms/747534439119534418?search_mode=regular_search&adults=1&check_in=2025-03-03&check_out=2025-03-08&children=0&infants=0&pets=0&source_impression_id=p3_1740886301_P3KYA_WqPVRXMTSQ&previous_page_section_name=1000,"Olympic, Flaminio, Maxxi and Auditorium 2 steps away",Rome
https://www.airbnb.com/rooms/1314390822915367762?search_mode=regular_search&adults=1&check_in=2025-03-09&check_out=2025-03-14&children=0&infants=0&pets=0&source_impression_id=p3_1740886301_P3Hw0U2pR9yXZa5f&previous_page_section_name=1000,HostClean | Richetta’s Comfy House near St. Peter!,Rome
https://www.airbnb.com/rooms/1294847807444114984?search_mode=regular_search&adults=1&check_in=2025-03-03&check_out=2025-03-08&children=0&infants=0&pets=0&source_impression_id=p3_1740886301_P3uqvMUrqU6FEjVQ&previous_page_section_name=1000,Navona Beautiful Apartment,Rome
https://www.airbnb.com/rooms/1361841833610207378?search_mode=regular_search&adults=1&category_tag=Tag%3A8678&check_in=2025-03-02&check_out=2025-03-07&children=0&infants=0&pets=0&photo_id=2094485265&source_impression_id=p3_1740886301_P3IJiIeIEv_zEGfc&previous_page_section_name=1000,Private Suite with Hydromassage Tub Rome,Rome
https://www.airbnb.com/rooms/1097788553224605874?search_mode=regular_search&adults=1&category_tag=Tag%3A8678&check_in=2025-03-08&check_out=2025-03-13&children=0&infants=0&pets=0&photo_id=1847220646&source_impression_id=p3_1740886301_P3fl7X7jXJrIx6WI&previous_page_section_name=1000,vatican b&b shared bathroom deluxe,Rome
https://www.airbnb.com/rooms/619999077567415145?search_mode=regular_search&adults=1&category_tag=Tag%3A8678&check_in=2025-06-08&check_out=2025-06-13&children=0&infants=0&pets=0&photo_id=1394026025&source_impression_id=p3_1740886301_P3NPE0F1AHsehrzh&previous_page_section_name=1000,"Piazza Mazzini , Suite 2 .",Rome
https://www.airbnb.com/rooms/1079775973942664336?search_mode=regular_search&adults=1&check_in=2025-03-17&check_out=2025-03-22&children=0&infants=0&pets=0&source_impression_id=p3_1740886301_P3rFreLGg15G-E4r&previous_page_section_name=1000,Casa a Roma 233,Rome
https://www.airbnb.com/rooms/5044536?search_mode=regular_search&adults=1&category_tag=Tag%3A8678&check_in=2025-10-12&check_out=2025-10-17&children=0&infants=0&pets=0&photo_id=127586509&source_impression_id=p3_1740886301_P3g9Oue_WMRnwmyW&previous_page_section_name=1000,"Cozy large Room, near Colosseo! 600m MetroA! #2",Rome
https://www.airbnb.com/rooms/1030388435695860134?search_mode=regular_search&adults=1&check_in=2025-03-04&check_out=2025-03-09&children=0&infants=0&pets=0&source_impression_id=p3_1740886301_P372hV1KqQYL0HXN&previous_page_section_name=1000,Casa Frugalis - Elegant house near the City Center,Rome
https://www.airbnb.com/rooms/20699?search_mode=regular_search&adults=1&check_in=2025-07-22&check_out=2025-07-27&children=0&infants=0&pets=0&source_impression_id=p3_1740886301_P3r9sj6MaDu_EdJf&previous_page_section_name=1000,Vintage Suite w/ Private Bath by Esquiline Suites,Rome
https://www.airbnb.com/rooms/1226793999672029776?search_mode=regular_search&adults=1&check_in=2025-03-02&check_out=2025-03-07&children=0&infants=0&pets=0&source_impression_id=p3_1740886301_P31CdRr_uinGGFRD&previous_page_section_name=1000,Charming and Cozy home in Roma San Giovanni,Rome
https://www.airbnb.com/rooms/1278287690130833292?search_mode=regular_search&adults=1&category_tag=Tag%3A8678&check_in=2025-07-13&check_out=2025-07-18&children=0&infants=0&pets=0&photo_id=2020307764&source_impression_id=p3_1740886301_P3PZaCM4NcHgn5w9&previous_page_section_name=1000,P88 Guest House,Rome
https://www.airbnb.com/rooms/904334368030126917?search_mode=regular_search&adults=1&category_tag=Tag%3A8678&check_in=2025-03-17&check_out=2025-03-22&children=0&infants=0&pets=0&photo_id=1665947107&source_impression_id=p3_1740886306_P399kvSFIhSRo-4P&previous_page_section_name=1000,Room private bathroom - Piramide Guest House,Rome
https://www.airbnb.com/rooms/13505513?search_mode=regular_search&adults=1&check_in=2025-03-03&check_out=2025-03-08&children=0&infants=0&pets=0&source_impression_id=p3_1740886306_P33dr3V7x6oZvTcR&previous_page_section_name=1000,Tacito Junior Suite apartment,Rome
https://www.airbnb.com/rooms/42271472?search_mode=regular_search&adults=1&category_tag=Tag%3A8678&check_in=2025-03-18&check_out=2025-03-23&children=0&infants=0&pets=0&photo_id=1602240507&source_impression_id=p3_1740886306_P3briiODWKMnjUIp&previous_page_section_name=1000,Cozy Roman Home in the Heart of Rome 2,Rome
https://www.airbnb.com/rooms/698925?search_mode=regular_search&adults=1&check_in=2025-11-01&check_out=2025-11-06&children=0&infants=0&pets=0&source_impression_id=p3_1740886306_P356Ufy0Hih0LNit&previous_page_section_name=1000,ESQUILINO STUDIO FLAT,Rome
https://www.airbnb.com/rooms/18046166?search_mode=regular_search&adults=1&check_in=2025-05-25&check_out=2025-05-30&children=0&infants=0&pets=0&source_impression_id=p3_1740886306_P3g5fvEHjClCP9mA&previous_page_section_name=1000,Double Room with private bathroom free WiFi,Rome
https://www.airbnb.com/rooms/983546960759954567?search_mode=regular_search&adults=1&check_in=2025-03-09&check_out=2025-03-14&children=0&infants=0&pets=0&source_impression_id=p3_1740886306_P3dI0wmxuvFmH81_&previous_page_section_name=1000,"Trevi Wish, full apt x3 190m from Trevi Fountain",Rome
https://www.airbnb.com/rooms/1362853802268646515?search_mode=regular_search&adults=1&category_tag=Tag%3A8678&check_in=2025-03-16&check_out=2025-03-21&children=0&infants=0&pets=0&photo_id=2094741650&source_impression_id=p3_1740886306_P3z3I0D2rTka11N5&previous_page_section_name=1000,Cool room near Vatican,Rome
https://www.airbnb.com/rooms/13094025?search_mode=regular_search&adults=1&category_tag=Tag%3A8678&check_in=2025-03-21&check_out=2025-03-26&children=0&infants=0&pets=0&photo_id=188286561&source_impression_id=p3_1740886306_P34NtWMIwkLgCnPl&previous_page_section_name=1000,LARGE ROOM FOR SINGLE USE NEAR METRO,Rome
https://www.airbnb.com/rooms/24438802?search_mode=regular_search&adults=1&category_tag=Tag%3A8678&check_in=2025-06-08&check_out=2025-06-13&children=0&infants=0&pets=0&photo_id=1235379151&source_impression_id=p3_1740886306_P3vvjmeGQL0fEszp&previous_page_section_name=1000,"Suni-ai ~ Deep Listening, Single room, Trastevere",Rome
https://www.airbnb.com/rooms/1363161203785690495?search_mode=regular_search&adults=1&category_tag=Tag%3A8678&check_in=2025-03-27&check_out=2025-04-01&children=0&infants=0&pets=0&photo_id=2095020248&source_impression_id=p3_1740886306_P34f6iju_qqAsCwl&previous_page_section_name=1000,Room for rent in Tuscolana area,Rome
https://www.airbnb.com/rooms/43852942?search_mode=regular_search&adults=1&category_tag=Tag%3A8678&check_in=2025-06-14&check_out=2025-06-19&children=0&infants=0&pets=0&photo_id=1021884462&source_impression_id=p3_1740886307_P3vPaBnrS_VEJFav&previous_page_section_name=1000,Relax in Trastevere,Rome
https://www.airbnb.com/rooms/1157390512484653074?search_mode=regular_search&adults=1&check_in=2025-07-25&check_out=2025-07-30&children=0&infants=0&pets=0&source_impression_id=p3_1740886307_P3R55O7qxGtplQln&previous_page_section_name=1000,"Room LazyDay2*,with private bathroom",Rome
https://www.airbnb.com/rooms/6074552?search_mode=regular_search&adults=1&category_tag=Tag%3A8678&check_in=2025-03-09&check_out=2025-03-14&children=0&infants=0&pets=0&photo_id=43407195&source_impression_id=p3_1740886307_P3wx5n2LZYLI9FBR&previous_page_section_name=1000,Vatican city-subway Ottaviano/Central/Double room/,Rome
https://www.airbnb.com/rooms/1060212380954259209?search_mode=regular_search&adults=1&check_in=2025-03-19&check_out=2025-03-24&children=0&infants=0&pets=0&source_impression_id=p3_1740886307_P3G99njGYPCRRqB2&previous_page_section_name=1000,Camera tripla Lucky Stars,Rome
https://www.airbnb.com/rooms/23367515?search_mode=regular_search&adults=1&check_in=2025-11-04&check_out=2025-11-09&children=0&infants=0&pets=0&source_impression_id=p3_1740886307_P34D15-38J43GnrI&previous_page_section_name=1000,Lustrous 18th-Century Flat by Esquiline Suites,Rome
https://www.airbnb.com/rooms/14660164?search_mode=regular_search&adults=1&check_in=2025-03-03&check_out=2025-03-08&children=0&infants=0&pets=0&source_impression_id=p3_1740886307_P3EFdKjeOwHGbrMR&previous_page_section_name=1000,"Modern, quiet flat 5 minutes from Colosseum",Rome
https://www.airbnb.com/rooms/21204225?search_mode=regular_search&adults=1&check_in=2025-07-22&check_out=2025-07-27&children=0&infants=0&pets=0&source_impression_id=p3_1740886307_P3Wfr4Tl1qG3y2-M&previous_page_section_name=1000,Low-cost accommodation with private bathroom in Rome Pigneto,Rome
https://www.airbnb.com/rooms/872474361668867364?search_mode=regular_search&adults=1&check_in=2025-03-03&check_out=2025-03-08&children=0&infants=0&pets=0&source_impression_id=p3_1740886307_P3eDGeSQqWxI2Sw8&previous_page_section_name=1000,K-Piramide/Ostiense  Station,Rome
https://www.airbnb.com/rooms/30331347?search_mode=regular_search&adults=1&category_tag=Tag%3A8678&check_in=2025-03-02&check_out=2025-03-07&children=0&infants=0&pets=0&photo_id=729312205&source_impression_id=p3_1740886312_P3GvMJpnPzPvm_wg&previous_page_section_name=1000,Room with bathroom a few steps from the Colosseum,Rome
https://www.airbnb.com/rooms/38019110?search_mode=regular_search&adults=1&category_tag=Tag%3A8678&check_in=2025-08-18&check_out=2025-08-23&children=0&infants=0&pets=0&photo_id=951209323&source_impression_id=p3_1740886312_P30yS0YU0YwA9W6v&previous_page_section_name=1000,Camera IL BACIO,Rome
https://www.airbnb.com/rooms/629403036492983530?search_mode=regular_search&adults=1&category_tag=Tag%3A8678&check_in=2025-08-07&check_out=2025-08-12&children=0&infants=0&pets=0&photo_id=1636684534&source_impression_id=p3_1740886312_P3ubbLon-ZczfoRI&previous_page_section_name=1000,cozy room in the heart of rome,Rome
https://www.airbnb.com/rooms/18700374?search_mode=regular_search&adults=1&check_in=2025-03-23&check_out=2025-03-28&children=0&infants=0&pets=0&source_impression_id=p3_1740886312_P3lDzWfGqbyX0SUO&previous_page_section_name=1000,Double room private WC San Giovanni area,Rome
https://www.airbnb.com/rooms/2131315?search_mode=regular_search&adults=1&check_in=2025-08-07&check_out=2025-08-12&children=0&infants=0&pets=0&source_impression_id=p3_1740886312_P3FpZgIBNS_CNlF2&previous_page_section_name=1000,private access studio apartment,Rome
https://www.airbnb.com/rooms/1030874441038071992?search_mode=regular_search&adults=1&check_in=2025-03-12&check_out=2025-03-17&children=0&infants=0&pets=0&source_impression_id=p3_1740886312_P3u-SU6tjNeoxn5s&previous_page_section_name=1000,Boho Chic Apartment By Omen Hospitality Collection,Rome
https://www.airbnb.com/rooms/1056321963727750997?search_mode=regular_search&adults=1&check_in=2025-03-09&check_out=2025-03-14&children=0&infants=0&pets=0&source_impression_id=p3_1740886312_P37mpWqF5dkR28hK&previous_page_section_name=1000,[San Pietro]-Standard Room- 200m CIPRO underground,Rome
https://www.airbnb.com/rooms/1151179717049725058?search_mode=regular_search&adults=1&check_in=2025-03-24&check_out=2025-03-29&children=0&infants=0&pets=0&source_impression_id=p3_1740886312_P3vTXk6HYgR3VBNf&previous_page_section_name=1000,4BNB - Reale House Tulip,Rome
https://www.airbnb.com/rooms/1185285104474969458?search_mode=regular_search&adults=1&check_in=2025-03-04&check_out=2025-03-09&children=0&infants=0&pets=0&source_impression_id=p3_1740886312_P3qIlaJC06aZvwSM&previous_page_section_name=1000,San Lorenzo Charme Apartment,Rome
https://www.airbnb.com/rooms/1119623775850438272?search_mode=regular_search&adults=1&check_in=2025-03-09&check_out=2025-03-14&children=0&infants=0&pets=0&source_impression_id=p3_1740886312_P3GdHuBVND8Fowf2&previous_page_section_name=1000,vatican flowers VII,Rome
https://www.airbnb.com/rooms/1204383435424581658?search_mode=regular_search&adults=1&check_in=2025-03-03&check_out=2025-03-08&children=0&infants=0&pets=0&source_impression_id=p3_1740886312_P3f20lR3CdJbDhPN&previous_page_section_name=1000,Rosy Luxury Apartment,Rome
https://www.airbnb.com/rooms/2709785?search_mode=regular_search&adults=1&category_tag=Tag%3A8678&check_in=2025-07-03&check_out=2025-07-08&children=0&infants=0&pets=0&photo_id=22580774&source_impression_id=p3_1740886312_P3WDswdNVnUjW8v5&previous_page_section_name=1000,B&B Rione Monti,Rome
https://www.airbnb.com/rooms/10719987?search_mode=regular_search&adults=1&category_tag=Tag%3A8678&check_in=2025-11-01&check_out=2025-11-06&children=0&infants=0&pets=0&photo_id=1820140893&source_impression_id=p3_1740886312_P3UzvC126MHIjVsB&previous_page_section_name=1000,"a  COZY room balcony, 800m Colosseo,150mSubway",Rome
https://www.airbnb.com/rooms/39259308?search_mode=regular_search&adults=1&category_tag=Tag%3A8678&check_in=2025-04-27&check_out=2025-05-02&children=0&infants=0&pets=0&photo_id=885458958&source_impression_id=p3_1740886312_P3bhH804I6DxP4E3&previous_page_section_name=1000,"Termini Green B&B, double room",Rome
https://www.airbnb.com/rooms/53488397?search_mode=regular_search&adults=1&category_tag=Tag%3A8678&check_in=2025-07-07&check_out=2025-07-12&children=0&infants=0&pets=0&photo_id=1561782180&source_impression_id=p3_1740886312_P3KEXSBNtuBPRH0E&previous_page_section_name=1000,[San Pietro ★★★★★] Camera Pantheon,Rome
https://www.airbnb.com/rooms/33657530?search_mode=regular_search&adults=1&check_in=2025-03-07&check_out=2025-03-12&children=0&infants=0&pets=0&source_impression_id=p3_1740886312_P3IYX-VmPN35kpce&previous_page_section_name=1000,Navona Shiny Studio,Rome
https://www.airbnb.com/rooms/947162418600146193?search_mode=regular_search&adults=1&check_in=2025-03-08&check_out=2025-03-13&children=0&infants=0&pets=0&source_impression_id=p3_1740886312_P3zTEqcCha2JZel_&previous_page_section_name=1000,Charming Trastevere Apartment,Rome
https://www.airbnb.com/rooms/21241335?search_mode=regular_search&adults=1&category_tag=Tag%3A8678&check_in=2025-03-06&check_out=2025-03-11&children=0&infants=0&pets=0&photo_id=389581850&source_impression_id=p3_1740886312_P35rONWvdpmhK8Im&previous_page_section_name=1000,Beautiful bedroom in Roma Colosseo,Rome
https://www.airbnb.com/rooms/595489980274563715?search_mode=regular_search&adults=1&category_tag=Tag%3A8678&check_in=2025-03-10&check_out=2025-03-15&children=0&infants=0&pets=0&photo_id=1372397379&source_impression_id=p3_1740886317_P3hdMoLcLtiFLgAk&previous_page_section_name=1000,"★Cozy double★, private bath, AC,TV",Rome
https://www.airbnb.com/rooms/51360245?search_mode=regular_search&adults=1&category_tag=Tag%3A8678&check_in=2025-05-18&check_out=2025-05-23&children=0&infants=0&pets=0&photo_id=1847827191&source_impression_id=p3_1740886317_P3EQJ1OQyHIOnC6b&previous_page_section_name=1000,ROME CENTER at 12 min-Confortable and bright room,Rome
https://www.airbnb.com/rooms/1151966967774006474?search_mode=regular_search&adults=1&check_in=2025-03-03&check_out=2025-03-08&children=0&infants=0&pets=0&source_impression_id=p3_1740886317_P3321jkILYCgwiQc&previous_page_section_name=1000,"Alessio  Luxury House 
Roma Pantheon",Rome
https://www.airbnb.com/rooms/953472708166129259?search_mode=regular_search&adults=1&check_in=2025-03-02&check_out=2025-03-07&children=0&infants=0&pets=0&source_impression_id=p3_1740886317_P3zowWZbg6Ne7gFD&previous_page_section_name=1000,Our central cozy and quiet apartment,Rome
https://www.airbnb.com/rooms/53747540?search_mode=regular_search&adults=1&check_in=2025-03-04&check_out=2025-03-09&children=0&infants=0&pets=0&source_impression_id=p3_1740886317_P3HK-NlBpUxlqNPf&previous_page_section_name=1000,Viola House,Rome
https://www.airbnb.com/rooms/954418104741959324?search_mode=regular_search&adults=1&category_tag=Tag%3A8678&check_in=2025-04-05&check_out=2025-04-10&children=0&infants=0&pets=0&photo_id=2043675921&source_impression_id=p3_1740886317_P32PUbyJmOIhZITg&previous_page_section_name=1000,Licheni smart & nice private rooms 2,Rome
https://www.airbnb.com/rooms/49685308?search_mode=regular_search&adults=1&check_in=2025-03-08&check_out=2025-03-13&children=0&infants=0&pets=0&source_impression_id=p3_1740886317_P3uUq2PgTaGWhZk_&previous_page_section_name=1000,DREAM CASTLE ROME 1,Rome
https://www.airbnb.com/rooms/1112183936655662935?search_mode=regular_search&adults=1&category_tag=Tag%3A8678&check_in=2025-03-10&check_out=2025-03-15&children=0&infants=0&pets=0&photo_id=1861094375&source_impression_id=p3_1740886317_P37-I2Yt-goR5axu&previous_page_section_name=1000,A3| Vatican Aurelio - room with private bathroom,Rome
https://www.airbnb.com/rooms/892624998957533649?search_mode=regular_search&adults=1&category_tag=Tag%3A8678&check_in=2025-03-19&check_out=2025-03-24&children=0&infants=0&pets=0&photo_id=1652845736&source_impression_id=p3_1740886317_P3ZGeD8iVUBkZoWj&previous_page_section_name=1000,Lo Zainetto - Oakwood Room,Rome
https://www.airbnb.com/rooms/723734801568936353?search_mode=regular_search&adults=1&category_tag=Tag%3A8678&check_in=2025-04-18&check_out=2025-04-23&children=0&infants=0&pets=0&photo_id=1497305234&source_impression_id=p3_1740886317_P36FeFX-aRuNC3J1&previous_page_section_name=1000,Pigneto Room Termini Connected,Rome
https://www.airbnb.com/rooms/940384895186243335?search_mode=regular_search&adults=1&category_tag=Tag%3A8678&check_in=2025-03-16&check_out=2025-03-21&children=0&infants=0&pets=0&photo_id=1715491803&source_impression_id=p3_1740886317_P3AhQkwSeK17fT67&previous_page_section_name=1000,Urbana Collection - Double room in Rome (2),Rome
https://www.airbnb.com/rooms/1107984304710542895?search_mode=regular_search&adults=1&check_in=2025-03-22&check_out=2025-03-27&children=0&infants=0&pets=0&source_impression_id=p3_1740886317_P3rthMl87p0hjy8K&previous_page_section_name=1000,Two steps - Apartment - Tourist Accommodation,Rome
https://www.airbnb.com/rooms/1261446565548291217?search_mode=regular_search&adults=1&check_in=2025-03-02&check_out=2025-03-07&children=0&infants=0&pets=0&source_impression_id=p3_1740886317_P32HH6yNZAyfLJVi&previous_page_section_name=1000,Testaccio Eden Apartment,Rome
https://www.airbnb.com/rooms/1152730062220224186?search_mode=regular_search&adults=1&check_in=2025-03-09&check_out=2025-03-14&children=0&infants=0&pets=0&source_impression_id=p3_1740886317_P3u54g82msXCPHOR&previous_page_section_name=1000,Agata studio in Rione Monti,Rome
https://www.airbnb.com/rooms/33828495?search_mode=regular_search&adults=1&check_in=2025-03-03&check_out=2025-03-08&children=0&infants=0&pets=0&source_impression_id=p3_1740886317_P3tfZBcvr0q1p0GL&previous_page_section_name=1000,Bright Large Cozy Apartment in the Center of Rome,Rome
https://www.airbnb.com/rooms/678981981511893237?search_mode=regular_search&adults=1&category_tag=Tag%3A8678&check_in=2025-03-16&check_out=2025-03-21&children=0&infants=0&pets=0&photo_id=1463030250&source_impression_id=p3_1740886317_P3njzVv1O7xmtEBs&previous_page_section_name=1000,Royal Room in the center of Rome,Rome
https://www.airbnb.com/rooms/817887404802371464?search_mode=regular_search&adults=1&check_in=2025-03-02&check_out=2025-03-07&children=0&infants=0&pets=0&source_impression_id=p3_1740886317_P37ZniCq9s-nRg8z&previous_page_section_name=1000,"Garibaldi Top Trastevere, Rome",Rome
https://www.airbnb.com/rooms/1352199636050544108?search_mode=regular_search&adults=1&check_in=2025-03-07&check_out=2025-03-12&children=0&infants=0&pets=0&source_impression_id=p3_1740886317_P3FFwgt5fR8OuJX_&previous_page_section_name=1000,"[Metro C] ""Roman Tranquility""",Rome
https://www.airbnb.com/rooms/53766118?search_mode=regular_search&adults=1&category_tag=Tag%3A8678&check_in=2025-06-11&check_out=2025-06-16&children=0&infants=0&pets=0&photo_id=1495471583&source_impression_id=p3_1740886322_P3Xt55IDAKy7wwn_&previous_page_section_name=1000,Private room between San Pietro and Villa Pamphili,Rome
https://www.airbnb.com/rooms/5473072?search_mode=regular_search&adults=1&category_tag=Tag%3A8678&check_in=2025-04-06&check_out=2025-04-11&children=0&infants=0&pets=0&photo_id=268171151&source_impression_id=p3_1740886322_P3QxrH7BORmntZu_&previous_page_section_name=1000,"Bea and Sara's house ""Trevi""",Rome
https://www.airbnb.com/rooms/2399029?search_mode=regular_search&adults=1&category_tag=Tag%3A8678&check_in=2025-07-25&check_out=2025-07-30&children=0&infants=0&pets=0&photo_id=20424806&source_impression_id=p3_1740886322_P3JlyYJro3L7hNiz&previous_page_section_name=1000,B&B  Rione Monti,Rome
https://www.airbnb.com/rooms/830875904627091689?search_mode=regular_search&adults=1&check_in=2025-03-09&check_out=2025-03-14&children=0&infants=0&pets=0&source_impression_id=p3_1740886322_P3cWjeS-IPBCL-Lo&previous_page_section_name=1000,*[In The HEART OF ROME]* Apartment in Borgo Pio,Rome
https://www.airbnb.com/rooms/1091107020793586237?search_mode=regular_search&adults=1&check_in=2025-07-12&check_out=2025-07-17&children=0&infants=0&pets=0&source_impression_id=p3_1740886322_P3PP5F3nroHkD_-H&previous_page_section_name=1000,Big Room in Rome Center!,Rome
https://www.airbnb.com/rooms/18590777?search_mode=regular_search&adults=1&check_in=2025-03-09&check_out=2025-03-14&children=0&infants=0&pets=0&source_impression_id=p3_1740886322_P3AdSAGqWDaDCfSx&previous_page_section_name=1000,Mr&Mrs Monti,Rome
https://www.airbnb.com/rooms/1308693738327618120?search_mode=regular_search&adults=1&check_in=2025-03-23&check_out=2025-03-28&children=0&infants=0&pets=0&source_impression_id=p3_1740886322_P365R00d5jHGYem_&previous_page_section_name=1000,"Nerone's 55 Civic ""A""",Rome
https://www.airbnb.com/rooms/1202958075654202994?search_mode=regular_search&adults=1&check_in=2025-03-06&check_out=2025-03-11&children=0&infants=0&pets=0&source_impression_id=p3_1740886322_P33yb8-A8yy9k7oB&previous_page_section_name=1000,Colosseum Sinister Ground Floor Suite,Rome
https://www.airbnb.com/rooms/653641523147533327?search_mode=regular_search&adults=1&category_tag=Tag%3A8678&check_in=2025-03-08&check_out=2025-03-13&children=0&infants=0&pets=0&photo_id=1427883028&source_impression_id=p3_1740886322_P3qCNj80F6pILEgU&previous_page_section_name=1000,Lovely space,Rome
https://www.airbnb.com/rooms/1055661681154495069?search_mode=regular_search&adults=1&category_tag=Tag%3A8678&check_in=2025-03-15&check_out=2025-03-20&children=0&infants=0&pets=0&photo_id=2072557342&source_impression_id=p3_1740886322_P37IUW694L5BaJrZ&previous_page_section_name=1000,[San Pietro] - Single Room- 200m CIPRO underground,Rome
https://www.airbnb.com/rooms/4900323?search_mode=regular_search&adults=1&category_tag=Tag%3A8678&check_in=2025-04-06&check_out=2025-04-11&children=0&infants=0&pets=0&photo_id=36439740&source_impression_id=p3_1740886322_P3wtcNVsj55qmwUw&previous_page_section_name=1000,Single room in the center of Rome,Rome
https://www.airbnb.com/rooms/1217336294210165659?search_mode=regular_search&adults=1&category_tag=Tag%3A8678&check_in=2025-03-25&check_out=2025-03-30&children=0&infants=0&pets=0&photo_id=2047982440&source_impression_id=p3_1740886322_P3cbpltYffVFc-1y&previous_page_section_name=1000,Special Offer: Room next to Vatican,Rome
https://www.airbnb.com/rooms/10720978?search_mode=regular_search&adults=1&category_tag=Tag%3A8678&check_in=2025-08-27&check_out=2025-09-01&children=0&infants=0&pets=0&photo_id=191549969&source_impression_id=p3_1740886322_P3Qx_w6ZC3Z0iuaW&previous_page_section_name=1000,"A lovely Panoramic View! 800m Colosseo, 350m Metro",Rome
https://www.airbnb.com/rooms/1355190731668306217?search_mode=regular_search&adults=1&check_in=2025-03-08&check_out=2025-03-13&children=0&infants=0&pets=0&source_impression_id=p3_1740886322_P3lqGR1_EyvRfnH9&previous_page_section_name=1000,[Porta Maggiore] Cora Charm,Rome
https://www.airbnb.com/rooms/985445706802009653?search_mode=regular_search&adults=1&check_in=2025-03-02&check_out=2025-03-07&children=0&infants=0&pets=0&source_impression_id=p3_1740886322_P3azS_BFnHH_yeT6&previous_page_section_name=1000,Fortuna Apartment Vaticano,Rome
https://www.airbnb.com/rooms/12897104?search_mode=regular_search&adults=1&check_in=2025-08-26&check_out=2025-08-31&children=0&infants=0&pets=0&source_impression_id=p3_1740886322_P3X9fWMGOnEf7bCD&previous_page_section_name=1000,Green Apartment Studio Rione Monti Termini Station,Rome
https://www.airbnb.com/rooms/43576807?search_mode=regular_search&adults=1&category_tag=Tag%3A8678&check_in=2025-03-23&check_out=2025-03-28&children=0&infants=0&pets=0&photo_id=1010534753&source_impression_id=p3_1740886322_P3K01dHz_DxM-mAX&previous_page_section_name=1000,"Guesthouse/Affittacamere3 - 
'na Casetta a Roma",Rome
https://www.airbnb.com/rooms/1037505156288121987?search_mode=regular_search&adults=1&check_in=2025-03-08&check_out=2025-03-13&children=0&infants=0&pets=0&source_impression_id=p3_1740886322_P3ddVqoD8tGZgC0K&previous_page_section_name=1000,Piazza di Spagna/Trevi Hidden Gem,Rome
